<?xml version="1.0" encoding="UTF-8"?>
<beans xmlns="http://www.springframework.org/schema/beans"
	   xmlns:context="http://www.springframework.org/schema/context"
       xmlns:xsi="http://www.w3.org/2001/XMLSchema-instance"
       xsi:schemaLocation="http://www.springframework.org/schema/beans 
                           http://www.springframework.org/schema/beans/spring-beans.xsd
                           http://www.springframework.org/schema/context 
                           http://www.springframework.org/schema/context/spring-context.xsd">
	
	<!--  
		//1. 실 객체의 주소를 알아야 한다
		Calc calc = new NewCalc();
		
		//2. 가짜를 생성
		Calc cal = (Calc)Proxy.newProxyInstance(	calc.getClass().getClassLoader(), 	//실객체의 메타 정보(내부)
													calc.getClass().getInterfaces(),	//행위정보(인터페이스)
													new LogPrintHandler(calc));			//보조객체의 정보
		spring
		1. org.springframework.aop.framework.ProxyFactoryBean 통해서 프록시 객체 생성
		2. LogPrintAroundAdvice 객체(bean) 생성
		3. LogPrintBeforeAdvice 객체(bean) 생성
		
		하나의 함수가 동작할때 여러개의 보조관심을 돌릴 수 있다
	-->
	
	<bean id = "calc" class = "AOP_Basic_05_Spring.NewCalc"></bean>
	<bean id = "logPrintAroundAdvice" class = "AOP_Basic_05_Spring.LogPrintAroundAdvice"></bean>
	<bean id = "logPrintBeforeAdvice" class = "AOP_Basic_05_Spring.LogPrintBeforeAdvice"></bean>
	<bean id = "proxy" class = "org.springframework.aop.framework.ProxyFactoryBean">
		<property name="proxyInterfaces"><!-- 행위정보 -->
			<list>
				<value>AOP_Basic_05_Spring.Calc</value>
			</list>
		</property>
		<property name="target" ref = "calc"/><!-- 실객체 주소 -->
		<property name="interceptorNames">
			<list>
				<!-- <value>logPrintAroundAdvice</value> --><!-- Advice 가지는 보조 업무 객체 -->
				<value>logPrintBeforeAdvice</value>
			</list>
		</property>
	</bean>
	
</beans> 




