<?xml version="1.0" encoding="UTF-8"?>
<beans xmlns="http://www.springframework.org/schema/beans"
	xmlns:xsi="http://www.w3.org/2001/XMLSchema-instance"
	xmlns:aop="http://www.springframework.org/schema/aop"
	xmlns:context="http://www.springframework.org/schema/context"
	xsi:schemaLocation="http://www.springframework.org/schema/beans http://www.springframework.org/schema/beans/spring-beans.xsd
		http://www.springframework.org/schema/aop http://www.springframework.org/schema/aop/spring-aop-4.3.xsd
		http://www.springframework.org/schema/context http://www.springframework.org/schema/context/spring-context-4.3.xsd">
	
	
	 
	 
	<bean id = "car" class = "xml.EmpManagerImpl"/>
	<bean id = "logApp" class = "xml.EmpLoggingAspect"></bean>
	
	<aop:config>
		<aop:aspect id = "logAspect" ref = "logApp">
			<aop:pointcut expression="execution(* xml.EmpManagerImpl.get*(..))" id="carAccelAop"/>
			<aop:around pointcut-ref ="carAccelAop" method="around"/>
		</aop:aspect>
		
		<aop:aspect id = "logAspect2" ref = "logApp">
			<aop:pointcut expression="execution(* xml.EmpManagerImpl.get*(..))" id="carAccelAop"/>
			<aop:before pointcut-ref ="carAccelAop" method="before"/>
		</aop:aspect>
		
		<aop:aspect id = "logAspect" ref = "logApp">
			<aop:pointcut expression="execution(* xml.EmpManagerImpl.get*(..))" id="carAccelAop"/>
			<aop:after pointcut-ref ="carAccelAop" method="after"/>
		</aop:aspect>
		
	</aop:config>
	
	
</beans>
